"Accomazzi, Alberto" <aaccomazzi@gmail.com>
"Adamek, Karel" <karel.adamek@oerc.ox.ac.uk>
"Afrin Badhan, Mahmuda" <afrin20m@astro.umd.edu>
"Albert, Kinga" <albert@mps.mpg.de>
"Alesina, Fabien" <fabien.alesina@unige.ch>
"Alexov, Anastasia" <alexov@stsci.edu>
"Allen, Alice" <aallen@ascl.net>
"Allen, Christopher" <ceallen@cfa.harvard.edu>
"Allen, Mark" <mark.allen@astro.unistra.fr>
"Alonso, Anna" <anna.alonso@dataiku.com>
"Annyas, Jasper" <annyas@astron.nl>
"Ansdell, Megan" <ansdell@berkeley.edu>
"Arnaud, Keith" <keith.a.arnaud@nasa.gov>
"Arviset, Christophe" <Christophe.Arviset@esa.int>
"Asercion, Joseph" <joseph.a.asercion@nasa.gov>
"Baffa, Carlo" <baffa@arcetri.inaf.it>
"Baines, Deborah" <dbaines@sciops.esa.int>
"Bakker, Jorgo" <jbakker@sciops.esa.int>
"Ballester, Pascal" <pballest@eso.org>
"Bauer, James" <gerbsb@astro.umd.edu>
"Baumann, Matthieu" <matthieu.baumann@astro.unistra.fr>
"Becciani, Ugo" <ugo.becciani@inaf.it>
"Becker, Stefan" <sbecker@ari.uni-heidelberg.de>
"Berriman, Bruce" <gbb@ipac.caltech.edu>
"Blanco-Cuaresma, Sergi" <sblancocuaresma@cfa.harvard.edu>
"Boch, Thomas" <thomas.boch@astro.unistra.fr>
"Boisson, Catherine" <catherine.boisson@obspm.fr>
"Bonnarel, François" <francois.bonnarel@astro.unistra.fr>
"Booker, Joseph" <josephbooker@jhu.edu>
"Borne, Kirk" <borne_kirk@bah.com>
"Bosch, James" <jbosch@astro.princeton.edu>
"Boussejra, Malik Olivier" <malik@boussejra.com>
"Brasseur, Clara" <cbrasseur@stsci.edu>
"Brazier, Adam" <abrazier@astro.cornell.edu>
"Brown, Matthew" <mbrown@keck.hawaii.edu>
"Buchschacher, Nicolas" <nicolas.buchschacher@unige.ch>
"Burnier, Julien" <julien.burnier@unige.ch>
"Bushouse, Howard" <bushouse@stsci.edu>
"Busko, Ivo" <busko@stsci.edu>
"Caon, Nicola" <nicola.caon@iac.es>
"Cardiel, Nicolás" <cardiel@ucm.es>
"Ceballos, M.Teresa" <ceballos@ifca.unican.es>
"Chilingarian, Igor" <igor.chilingarian@cfa.harvard.edu>
"Chu, Selina" <selina.chu@jpl.nasa.gov>
"Comrie, Angus" <accomrie@gmail.com>
"Connaughton, Valerie" <valerie.connaughton@nasa.gov>
"Corcoran, Michael" <michael.f.corcoran@nasa.gov>
"Coulais, Alain" <alain.coulais@obspm.fr>
"Crawford, Steven" <scrawford@stsci.edu>
"Cresitello-Dittmar, Mark" <mdittmar@cfa.harvard.edu>
"Csillaghy, André" <andre.csillaghy@fhnw.ch>
"Cui, Chenzhou" <ccz@bao.ac.cn>
"D'Abrusco, Raffaele" <rdabrusc@cfa.harvard.edu>
"Dabin, Christophe" <Christophe.Dabin@cnes.fr>
"Dai, Cong" <daicong2014@163.com>
"Daly, Philip" <pndaly@email.arizona.edu>
"Delgado, Arancha" <mdelgado@ast.cam.ac.uk>
"Dencheva, Nadia" <dencheva@stsci.edu>
"Dergachev, Vladimir" <vladimir.dergachev@aei.mpg.de>
"Derriere, Sébastien" <sebastien.derriere@astro.unistra.fr>
"Desai, Vandana" <desai@ipac.caltech.edu>
"Deshpande, Shubhankar" <shubhand@cs.cmu.edu>
"Deul, Erik" <deul@strw.leidenuniv.nl>
"Diaz, Rosa" <rdiaz@stsci.edu>
"Donaldson, Tom" <tdonaldson@stsci.edu>
"Dower, Theresa" <dower@stsci.edu>
"Dowler, Patrick" <pdowler.cadc@gmail.com>
"Dreissigacker, Christoph" <christoph.dreissigacker@aei.mpg.de>
"DuPrie, Kimberly" <kduprie@stsci.edu>
"Dubois, Richard" <dubois@stanford.edu>
"Dubois-Felsmann, Gregory" <gpdf@ipac.caltech.edu>
"Durand, Daniel" <daniel_durand@mac.com>
"Ebert, Rick" <rick@ipac.caltech.edu>
"Ebisawa, Ken" <ebisawa@isas.jaxa.jp>
"Eggen, Joseph" <joseph.r.eggen@nasa.gov>
"Eguchi, Satoshi" <satoshieguchi@fukuoka-u.ac.jp>
"Eisenhamer, Jonathan" <eisenhamer@stsci.edu>
"Emonts, Bjorn" <bjornemonts@gmail.com>
"Evans, Janet" <janet@cfa.harvard.edu>
"Fan, Dongwei" <fandongwei@nao.cas.cn>
"Feinstein, Carlos" <cfeinstein@fcaglp.unlp.edu.ar>
"Ferguson, Henry" <ferguson@stsci.edu>
"Fernique, Pierre" <Pierre.Fernique@astro.unistra.fr>
"Fitzpatrick, Michael" <fitz@noao.edu>
"Fuessling, Matthias" <matthias.fuessling@cta-observatory.org>
"Gabriel, Carlos" <carlos.gabriel@sciops.esa.int>
"Gale-Sides, Kingsley" <ktg25@cam.ac.uk>
"Gaudet, Séverin" <severin.gaudet@nrc-cnrc.gc.ca>
"Geers, Vincent" <vincent.geers@stfc.ac.uk>
"Giardino, Giovanna" <Giovanna.Giardino@esa.int>
"Gilda, Sankalp" <s.gilda@ufl.edu>
"Gill, Ranpal" <rgill@lsst.org>
"Gonzalez-Nuñez, Juan" <jgonzale@sciops.esa.int>
"Good, John" <jcg@ipac.caltech.edu>
"Gordon, Craig" <craig.a.gordon@nasa.gov>
"Goz, David" <david.goz@inaf.it>
"Gracia Abril, Gonzalo" <ggracia@sciops.esa.int>
"Grange, Yan" <grange@astron.nl>
"Grishin, Kirill" <kirillg6@gmail.com>
"Groom, Steve" <sgroom@ipac.caltech.edu>
"Grumm, David" <grumm@stsci.edu>
"Guedes dos Santos, Luiz Fernando" <51guedesdossantos@cua.edu>
"Guerra Noguero, Rocio" <rguerra@sciops.esa.int>
"Gupta, Pramod" <psgupta@uw.edu>
"Gwyn, Stephen" <gwyn.cadc@gmail.com>
"Hargis, Jonathan" <jhargis@stsci.edu>
"Harvey, Adam" <aharvey1@umbc.edu>
"He, Helen" <hhe@cfa.harvard.edu>
"Heinl, Hendrik" <heinl@ari.uni-heidelberg.de>
"Henry, Ronald" <henry@stsci.edu>
"Hernandez, Fabio" <fabio@in2p3.fr>
"Holman, Matthew" <mholman@cfa.harvard.edu>
"Horner, Donald" <Donald.J.Horner@nasa.gov>
"Huynh, Minh" <Minh.Huynh@csiro.au>
"Ibsen, Jorge" <jorge.ibsen@alma.cl>
"Ikeda, Shiro" <shiro@ism.ac.jp>
"Irby, Bryan" <bryan.k.irby@nasa.gov>
"Ireland, Jack" <jack.ireland@nasa.gov>
"Iwasaki, Hiroyoshi" <h.iwasaki@rikkyo.ac.jp>
"Jaffe, Tess" <tess.jaffe@nasa.gov>
"Jenness, Tim" <tjenness@lsst.org>
"Jeschke, Eric" <eric@naoj.org>
"Johnston, Kyle" <kyjohnst2000@my.fit.edu>
"Joliet, Emmanuel" <ejoliet@ipac.caltech.edu>
"Joncour, Isabelle" <isabelle.joncour@univ-grenoble-alpes.fr>
"Juric, Mario" <mjuric@astro.washington.edu>
"Kaleida, Catherine" <ckaleida@stsci.edu>
"Kaplan, Kyle" <kfkaplan@email.arizona.edu>
"Karim, Ramsey" <rkarim@astro.umd.edu>
"Kaufman, Zeke" <zkaufman@cfa.harvard.edu>
"Kawasaki, Wataru" <wataru.kawasaki@nao.ac.jp>
"Kelley, Michael" <msk@astro.umd.edu>
"Kent, Brian" <bkent@nrao.edu>
"Kepley, Amanda" <akepley@nrao.edu>
"Kitaeff, Vyacheslav" <slava.kitaeff@uwa.edu.au>
"Klazema, Auke" <secretaryobservatory@astron.nl>
"Kong, Xiao" <kongx@nao.cas.cn>
"Kosack, Karl" <karl.kosack@cea.fr>
"Kosugi, George" <george.kosugi@nao.ac.jp>
"Kuulkers, Erik" <erik.kuulkers@esa.int>
"Labrie, Kathleen" <klabrie@gemini.edu>
"Lacy, Mark" <mlacy@nrao.edu>
"Lam, Cheuk Yin" <c.y.lam@ljmu.ac.uk>
"Lammers, Jason" <jlammers0@gmail.com>
"Landais, Gilles" <gilles.landais@astro.unistra.fr>
"Landoni, Marco" <marco.landoni@inaf.it>
"Laurino, Omar" <olaurino@cfa.harvard.edu>
"Lewis, James" <jrl@ast.cam.ac.uk>
"Lieu, Maggie" <maggie.lieu@sciops.esa.int>
"Lim, Pey Lian" <lim@stsci.edu>
"Lo, Kenny" <kennylo@slac.stanford.edu>
"Lo, Tak" <tlo@ipac.caltech.edu>
"Long, Min" <minlong@boisestate.edu>
"Loose, Marcel" <loose@astron.nl>
"Lorente, Nuria" <Nuria.Lorente@aao.gov.au>
"Louys, Mireille" <mireille.louys@unistra.fr>
"Lu, Yuxi" <lucylulu12311@gmail.com>
"Lundquist, Michael" <mlundquist@email.arizona.edu>
"Lutz, Katharina" <katharina.lutz@astro.unistra.fr>
"Mader, Jeff" <jeff.mader@gmail.com>
"Major, Brian" <major.brian@gmail.com>
"Martinez, Beatriz" <beatriz.martinez@esa.int>
"Masi-Phelps, Patrick" <patrick.masi-phelps@dataiku.com>
"McGlynn, Thomas" <tom.mcglynn@nasa.gov>
"McWhirter, Paul Ross" <P.R.McWhirter@ljmu.ac.uk>
"Mechev, Alexandar" <apmechev@strw.leidenuniv.nl>
"Mellado, Pablo" <mellado@iram.es>
"Michel, Laurent" <laurent.michel@astro.unistra.fr>
"Micol, Alberto" <amicol@eso.org>
"Miller, Jennifer" <jmiller@gemini.edu>
"Million, Chase" <chase@millionconcepts.com>
"Mink, Jessica" <jmink@cfa.harvard.edu>
"Molinaro, Marco" <marco.molinaro@inaf.it>
"Momcheva, Ivelina" <imomcheva@stsci.edu>
"Montesino Pouzols, Federico" <fpouzols@eso.org>
"Morii, Mikio" <morii@ism.ac.jp>
"Morris, Dave" <dmr@roe.ac.uk>
"Motino Flores, Skarleth" <motioflores@cua.edu>
"Muench, August" <august.muench@aas.org>
"Nakazato, Takeshi" <takeshi.nakazato@nao.ac.jp>
"Navarro, Vicente" <vicente.navarro@esa.int>
"Nebot, Ada" <ada.nebot@astro.unistra.fr>
"Nieto, Sara" <sara.nieto@sciops.esa.int>
"Nikolic, Bojan" <b.nikolic@mrao.cam.ac.uk>
"Nomaru, Junichi" <noumaru@naoj.org>
"O'Mullane, William" <womullan@lsst.org>
"O'Toole, Simon" <simon.otoole@mq.edu.au>
"Ojero-Pascual, Eduardo" <eduardo.ojero@esa.int>
"Paillassa, Maxime" <maxime.paillassa@u-bordeaux.fr>
"Pallot, Dave" <dave.pallot@uwa.edu.au>
"Parra, Jose" <jose.parra@alma.cl>
"Pascual, Sergio" <sergiopr@fis.ucm.es>
"Patterson, Gerald" <Wes.patterson@jhuapl.edu>
"Paxson, Charles" <cpaxson@cfa.harvard.edu>
"Peek, Joshua" <jegpeek@stsci.edu>
"Perdikeas, Menelaos" <menelaos.perdikeas@cfa.harvard.edu>
"Perea-Calderon, Jose Vicente" <jose.perea@sciops.esa.int>
"Perez, Fernando" <fernando.perez@esa.int>
"Petulante, Abigail" <abbie.petulante@gmail.com>
"Pickering, Timothy" <tim@mmto.org>
"Pineau, Francois-Xavier" <francois-xavier.pineau@astro.unistra.fr>
"Pizzo, Roberto" <pizzo@astron.nl>
"Plante, Raymond" <raymond.plante@nist.gov>
"Polisensky, Emil" <emil.polisensky@nrl.navy.mil>
"Polsterer, Kai" <kai.polsterer@h-its.org>
"Pound, Marc" <mpound@umd.edu>
"Prix, Reinhard" <reinhard.prix@aei.mpg.de>
"Raba, Ryan" <rraba@nrao.edu>
"Racero, Elena" <eracero@sciops.esa.int>
"Raddick, Michael" <jordan.raddick@gmail.com>
"Ramirez, Emanuel" <eramirez@quasarsr.com>
"Raugh, Anne" <araugh@umd.edu>
"Renil, Rosly" <rosly@ska.ac.za>
"Rizzi, Luca" <lrizzi@keck.hawaii.edu>
"Romelli, Erik" <erik.romelli@inaf.it>
"Rubtsov, Evgenii" <ev.rubtcov@physics.msu.ru>
"Rutkowski, Kristin" <kristin.l.rutkowski@nasa.gov>
"Ryan, P. Wesley" <wes@ascl.net>
"Salgado, Jesus" <jesusjuansalgado@gmail.com>
"Sanguillon, Michele" <Michele.Sanguillon@umontpellier.fr>
"Santos, Rafael" <rafael.santos@inpe.br>
"Savalle, Renaud" <renaud.savalle@obspm.fr>
"Schaaff, Andre" <andre.schaaff@astro.unistra.fr>
"Servillat, Mathieu" <mathieu.servillat@obspm.fr>
"Sharp, Nigel" <nsharp@nsf.gov>
"Shawhan, Peter" <pshawhan@umd.edu>
"Shen, Robert" <robert.shen@astronomyaustralia.org.au>
"Shin, Min-Su" <msshin@kasi.re.kr>
"Shipman, Daniel" <daniel.shipman@maine.edu>
"Shipman, Russell" <russ@sron.nl>
"Shirasaki, Yuji" <yuji.shirasaki@nao.ac.jp>
"Shortridge, Keith" <keith@knaveandvarlet.com.au>
"Smale, Alan" <alan.smale@nasa.gov>
"Smith, Arfon" <arfon@stsci.edu>
"Smith, Jeffrey" <jeffrey.smith@nasa.gov>
"Smith, Megan" <meganmarshall20@gmail.com>
"Snyder, Gregory" <gsnyder@stsci.edu>
"Solar, Martin" <msolar95@gmail.com>
"Solar, Mauricio" <mauricio.solar@usm.cl>
"Spolaor, Max" <max.spolaor@tmctechnologies.com>
"Stephens, Tom" <thomas.stephens@nasa.gov>
"Stoehr, Felix" <felix.stoehr@gmx.de>
"Streicher, Ole" <ole@aip.de>
"Sutrisno, Raymond" <rasutrisno@uh.edu>
"Swade, Daryl" <swade@stsci.edu>
"Takata, Tadafumi" <tadafumi.takata@nao.ac.jp>
"Tavagnacco, Daniele" <daniele.tavagnacco@inaf.it>
"Taylor, Mark" <m.b.taylor@bristol.ac.uk>
"Teuben, Peter" <teuben@astro.umd.edu>
"Thomas, Brian" <brian.a.thomas@nasa.gov>
"Tian, Fan" <ftian4@jhu.edu>
"Timmes, Frank" <fxt44@mac.com>
"Toledo, Ignacio" <ignacio.toledo@alma.cl>
"Tollerud, Erik" <etollerud@stsci.edu>
"Tomasi, Maurizio" <maurizio.tomasi@unimi.it>
"Torres, Simón" <storres@ctio.noao.edu>
"Tsutsumi, Takahiro" <ttsutsum@nrao.edu>
"Vahi, Karan" <vahi@isi.edu>
"Van Klaveren, Brian" <bvan@slac.stanford.edu>
"Veitch-Michaelis, Josh" <j.l.veitchmichaelis@ljmu.ac.uk>
"Vermaas, Nico" <vermaas@astron.nl>
"Wang, Rui" <wangrui@nao.cas.cn>
"Warner, Elizabeth" <warnerem@astro.umd.edu>
"Wicenec, Andreas" <andreas.wicenec@uwa.edu.au>
"Williams, Peter" <pwilliams@cfa.harvard.edu>
"Winter, Eric" <ewinter@stsci.edu>
"Wise, Michael" <wise@astron.nl>
"Woods, Paul" <paul.woods@nature.com>
"Wu, Xiuqin" <xiuqin@ipac.caltech.edu>
"Wu, Zhenyu" <zywu@nao.cas.cn>
"Yamaguchi, Masayuki" <masayuki.yamaguchi@nao.ac.jp>
"Young, Michael" <youngmd@iu.edu>
"Zapart, Christopher" <chris.zapart@nao.ac.jp>
"Zecevic, Petar" <Petar.Zecevic@fer.hr>
"da Silva, Daniel" <dasilva@jhu.edu>
